name,BestMCC,ObjatBestMCC,TimeatBestMCC,BestObj,TimeatBestObj,MFEatBestMCC,MFEatBestObj,MCCatBestObj,TP,TN,FN,FP,PostProcessMCC,MinDist,Backtracks,Repeat,TimeLimit,Vars
ASE_00001,0.58,3316,60.3,3337,60.4,-76.7,-75.5,0.549,123,85,23,31,0.503,4,426.9,2,60,4269
ASE_00002,0.474,2860,59.4,2860,59.4,-58.4,-58.4,0.474,108,89,32,38,0.431,4,386.3,2,60,3863
ASE_00003,0.4,2920,11.0,3091,56.0,-69.1,-78.7,0.398,127,81,43,43,0.39,4,521.2,2,60,5212
ASE_00004,0.301,2506,2.1,3081,60.3,-47.9,-89.1,0.177,121,81,67,41,0.171,4,620.6,2,60,6206
ASE_00005,0.303,-100,60.8,3762,60.8,-94.1,-98.1,0.275,168,65,52,56,0.303,4,794.8,2,60,7948
ASE_00006,0.273,2623,2.5,3041,60.2,-54.5,-66.1,0.236,123,76,61,49,0.257,4,647.8,2,60,6478
ASE_00007,0.341,2792,31.6,3176,60.2,-51.0,-83.2,0.308,146,88,68,44,0.3,4,711.1,2,60,7111
ASE_00008,0.466,3087,60.8,3087,60.8,-72.1,-72.1,0.466,159,95,57,33,0.415,4,722.9,2,60,7229
ASE_00009,0.627,2820,32.3,2820,32.3,-82.7,-82.7,0.627,110,77,18,24,0.591,4,313.3,2,60,3133
ASE_00010,0.382,1892,1.8,2893,39.1,-12.5,-28.2,0.126,104,114,56,42,0.101,4,663.9,2,60,6639
ASE_00011,0.368,2868,25.5,3201,60.6,-70.1,-75.8,0.317,118,84,52,40,0.319,4,540.5,2,60,5405
ASE_00012,0.184,3135,11.1,3418,42.2,-41.7,-38.1,0.134,149,82,93,61,0.125,4,1093.7,2,60,10937
ASE_00013,0.466,2775,23.9,3052,60.1,-68.3,-75.4,0.403,124,92,46,32,0.382,4,509.5,2,60,5095
ASE_00014,0.501,3703,21.3,4239,61.1,-111.6,-129.5,0.437,157,93,49,31,0.399,4,715.4,2,60,7154
ASE_00015,0.379,-100,60.6,2975,60.6,-50.9,-65.1,0.372,133,73,37,51,0.379,4,531.6,2,60,5316
ASE_00016,0.121,3787,21.0,4283,61.8,-54.3,-72.4,0.025,82,106,36,140,0.015,4,1123.6,2,60,11236
ASE_00017,0.295,2534,39.5,2534,39.5,-20.5,-20.5,0.295,78,120,24,98,0.277,4,687.5,2,60,6875
ASE_00018,0.316,3074,5.1,4009,61.9,-68.5,-107.3,0.257,169,95,97,41,0.224,4,1028.9,2,60,10289
ASE_00019,0.413,3098,60.4,3098,60.4,-78.9,-78.9,0.413,129,81,41,43,0.393,4,505.8,2,60,5058
ASE_00020,0.203,3241,56.8,3332,60.0,-24.6,-29.1,0.184,156,81,82,66,0.175,4,998.0,2,60,9980
ASE_00021,0.199,3262,27.4,4108,60.7,-30.1,-54.8,0.183,191,90,107,69,0.187,4,1373.1,2,60,13731
ASE_00022,0.312,3501,58.2,3600,61.7,-43.9,-43.9,0.31,151,117,79,61,0.301,4,1136.3,2,60,11363
ASE_00023,0.276,2432,6.3,3666,61.5,-47.6,-59.8,0.118,144,113,108,46,0.11,4,1129.7,2,60,11297
ASE_00024,0.523,3132,45.7,3132,45.7,-103.1,-103.1,0.523,108,77,20,38,0.492,4,373.5,2,60,3735
ASE_00025,0.17,2234,6.5,4330,60.4,-18.8,-93.4,-0.061,60,185,52,100,-0.067,4,1144.5,2,60,11445
ASE_00026,0.244,3045,60.7,3045,60.7,-34.0,-34.0,0.244,143,77,63,63,0.228,4,814.8,2,60,8148
ASE_00027,0.165,2280,6.5,4372,63.0,-23.29,-87.3,-0.08,62,179,50,106,-0.081,4,1165.0,2,60,11650
ASE_00028,0.14,1923,6.7,3338,60.2,-4.0,-44.7,0.099,124,108,114,66,0.114,4,1166.4,2,60,11664
ASE_00029,0.327,2141,5.5,3590,61.9,-18.1,-46.7,0.141,130,134,104,40,0.142,4,1086.7,2,60,10867
ASE_00030,0.391,-100,60.5,3859,60.5,-79.7,-81.1,0.383,204,92,72,46,0.371,4,1105.2,2,60,11052
ASE_00031,0.27,2130,6.2,3575,60.4,-35.6,-48.9,0.157,132,127,110,48,0.142,4,1121.6,2,60,11216
ASE_00032,0.288,2963,32.4,3169,61.9,-23.1,-42.2,0.243,159,102,65,75,0.247,4,1115.2,2,60,11152
ASE_00033,0.235,2256,3.9,2942,62.2,-37.4,-14.1,0.157,130,89,100,42,0.152,4,937.1,2,60,9371
ASE_00034,0.339,-100,60.5,2545,57.8,-36.4,-42.5,0.316,125,74,43,51,0.339,4,520.2,2,60,5202
ASE_00035,0.167,3053,5.8,3136,60.5,-4.4,-4.6,0.142,135,87,79,75,0.126,4,946.8,2,60,9468
ASE_00037,0.208,2957,61.4,2957,61.4,-30.9,-30.9,0.208,132,79,76,58,0.173,4,822.8,2,60,8228
ASE_00038,0.263,1870,2.2,2894,61.1,-38.8,-57.2,0.179,105,97,89,37,0.153,4,725.4,2,60,7254
ASE_00040,0.31,2814,5.0,4299,36.6,-75.9,-111.6,0.177,150,106,102,40,0.186,4,1060.6,2,60,10606
ASE_00041,0.337,2903,39.5,2914,60.8,-38.0,-34.9,0.32,136,92,68,44,0.293,4,718.6,2,60,7186
ASE_00042,0.254,2990,8.3,4135,64.3,-63.9,-76.9,0.157,166,101,102,56,0.147,4,1316.7,2,60,13167
ASE_00044,0.341,3392,36.3,3736,60.6,-90.9,-103.3,0.272,140,83,70,38,0.255,4,664.2,2,60,6642
ASE_00045,0.403,2454,29.9,2839,45.1,-42.9,-44.5,0.339,115,101,41,51,0.303,4,566.2,2,60,5662
ASE_00046,0.268,1774,2.1,3014,60.5,-13.9,-37.3,0.171,112,88,76,42,0.164,4,705.9,2,60,7059
ASE_00047,0.355,-100,61.1,3520,35.6,-46.4,-56.0,0.332,180,88,68,50,0.355,4,959.8,2,60,9598
ASE_00049,0.29,2764,5.6,3444,61.4,-19.0,-40.9,0.263,163,94,87,51,0.242,4,1066.0,2,60,10660
ASE_00051,0.48,2630,28.8,2739,60.0,-62.2,-66.5,0.445,77,59,5,55,0.463,4,297.4,2,60,2974
ASE_00052,0.104,1956,4.3,2860,61.7,23.0,-19.6,0.006,114,79,98,60,0.061,4,995.0,2,60,9950
ASE_00056,0.356,2744,45.4,2744,45.4,-46.7,-46.7,0.356,109,62,31,47,0.338,4,413.3,2,60,4133
ASE_00057,0.189,-100,62.4,3525,61.5,-29.7,-29.5,0.175,160,86,92,68,0.168,4,1168.9,2,60,11689
ASE_00058,0.271,-100,60.8,3700,60.8,-34.7,-26.3,0.248,180,86,70,70,0.252,4,1162.5,2,60,11625
ASE_00059,0.141,-100,60.9,2670,59.2,6.9,-10.2,0.137,127,69,67,73,0.141,4,782.6,2,60,7826
ASE_00060,0.29,3264,57.8,3264,57.8,-44.2,-44.2,0.29,131,83,77,41,0.286,4,812.7,2,60,8127
ASE_00062,0.262,3213,41.6,3265,60.6,-37.0,-31.7,0.191,144,81,72,54,0.185,4,917.7,2,60,9177
ASE_00063,0.186,3291,28.8,3437,54.6,-49.1,-46.8,0.137,136,67,72,58,0.131,4,821.0,2,60,8210
ASE_00064,0.205,2768,48.7,2768,48.7,-41.6,-41.6,0.205,112,72,62,56,0.125,4,608.3,2,60,6083
ASE_00066,0.172,2040,3.9,3137,52.2,-22.7,-54.0,0.125,123,90,127,41,0.143,4,914.5,2,60,9145
ASE_00067,0.212,2502,5.5,3166,60.4,-16.1,-44.6,0.148,162,75,88,56,0.172,4,922.0,2,60,9220
ASE_00068,0.431,2409,19.8,2507,60.1,-61.0,-66.4,0.406,110,87,44,34,0.367,4,438.0,2,60,4380
ASE_00069,0.357,3093,7.0,3588,10.5,-49.8,-35.0,0.23,162,110,100,36,0.218,4,1109.3,2,60,11093
ASE_00071,0.357,3093,6.2,3588,8.9,-49.8,-35.0,0.23,162,110,100,36,0.218,4,1109.3,2,60,11093
ASE_00073,0.357,3093,5.9,3765,63.0,-49.8,-35.2,0.212,162,110,100,36,0.189,4,1113.9,2,60,11139
ASE_00074,0.364,3187,46.2,3255,61.1,-89.1,-87.6,0.335,160,93,76,40,0.288,4,890.0,2,60,8900
ASE_00075,0.137,2735,14.6,2857,64.0,20.2,14.6,0.136,166,99,132,70,0.135,4,1415.6,2,60,14156
ASE_00076,0.276,3224,16.9,3371,60.8,-47.2,-49.4,0.248,143,95,73,59,0.249,4,918.1,2,60,9181
ASE_00078,0.395,2511,12.0,3021,58.7,-65.9,-83.5,0.379,108,96,56,34,0.345,4,541.7,2,60,5417
ASE_00079,0.216,2768,46.2,2789,60.5,-22.1,-21.1,0.203,116,88,64,66,0.199,4,714.9,2,60,7149
ASE_00080,0.274,2860,5.0,3627,47.7,-43.5,-93.5,0.191,143,100,63,73,0.197,4,894.6,2,60,8946
ASE_00081,0.541,3100,41.2,3182,56.0,-93.1,-97.3,0.511,138,106,40,32,0.456,4,569.2,2,60,5692
ASE_00082,0.345,3609,29.0,4140,60.2,-96.0,-111.5,0.328,148,106,68,54,0.313,4,881.6,2,60,8816
ASE_00083,0.288,-100,60.9,3551,60.9,-79.5,-86.3,0.249,152,80,48,74,0.288,4,765.7,2,60,7657
ASE_00084,0.414,2598,26.7,2946,59.3,-52.4,-68.2,0.283,130,102,56,40,0.313,4,663.7,2,60,6637
ASE_00085,0.373,1629,1.3,2993,60.6,-35.4,-84.5,0.315,103,100,69,29,0.306,4,537.2,2,60,5372
ASE_00086,0.282,2958,58.4,3030,60.5,-75.1,-69.4,0.246,118,77,54,52,0.224,4,545.6,2,60,5456
ASE_00087,0.331,4041,28.4,4147,60.6,-97.5,-100.5,0.317,182,103,74,62,0.315,4,1101.6,2,60,11016
ASE_00088,0.281,2720,33.5,2766,57.2,-57.0,-59.2,0.269,111,81,53,53,0.221,4,551.2,2,60,5512
ASE_00089,0.527,2555,50.3,2593,60.0,-61.8,-63.5,0.509,116,77,32,26,0.47,4,371.5,2,60,3715
ASE_00090,0.409,3250,48.0,3359,57.3,-89.0,-89.2,0.374,132,102,66,34,0.381,4,740.3,2,60,7403
ASE_00092,0.338,3680,59.8,3728,60.2,-89.7,-93.1,0.336,156,87,62,52,0.311,4,831.2,2,60,8312
ASE_00093,0.259,1439,1.4,2574,2.7,-8.2,-40.8,0.213,97,91,73,41,0.236,4,572.1,2,60,5721
ASE_00094,0.297,1394,1.4,2601,60.7,-7.2,-59.9,0.176,97,98,73,37,0.153,4,559.2,2,60,5592
ASE_00095,0.304,2787,23.8,2989,60.5,-79.8,-75.6,0.263,114,83,58,46,0.254,4,535.6,2,60,5356
ASE_00096,0.244,3016,61.9,3016,61.9,-30.8,-30.8,0.244,142,83,76,56,0.24,4,890.5,2,60,8905
ASE_00097,0.433,2218,4.5,2917,52.8,-53.6,-80.6,0.317,118,97,54,32,0.293,4,539.0,2,60,5390
ASE_00098,0.433,2218,4.5,2917,52.9,-53.6,-80.6,0.317,118,97,54,32,0.293,4,539.0,2,60,5390
ASE_00099,0.322,-100,60.4,3519,49.1,-107.5,-109.1,0.299,165,79,69,47,0.305,4,792.8,2,60,7928
ASE_00100,0.206,2641,8.1,3934,61.4,-26.6,-77.2,-0.041,80,160,40,126,-0.039,4,1264.1,2,60,12641
NDB_00001,1.0,82,0.0,316,60.0,-2.6,-11.5,1.0,6,0,10,0,-100,4,4,2,60,13
NDB_00002,1.0,236,0.0,317,60.0,-8.9,-11.2,1.0,10,0,6,0,-100,4,4,2,60,13
NDB_00004,1.0,107,0.0,318,60.0,-4.1,-11.2,1.0,10,0,6,0,-100,4,4,2,60,11
NDB_00008,1.0,236,0.0,317,60.0,-8.9,-11.2,1.0,10,0,6,0,-100,4,4,2,60,13
NDB_00010,1.0,34,60.0,34,60.0,0.0,0.0,1.0,0,0,8,0,-100,4,4,2,60,1
NDB_00025,1.0,24,60.0,24,60.0,0.0,0.0,1.0,0,0,8,0,-100,4,4,2,60,1
NDB_00037,1.0,24,60.0,24,60.0,0.0,0.0,1.0,0,0,8,0,-100,4,4,2,60,1
NDB_00069,1.0,24,60.0,24,60.0,0.0,0.0,1.0,0,0,8,0,-100,4,4,2,60,1
NDB_00071,1.0,146,0.0,146,0.0,-3.7,-3.7,1.0,8,0,4,0,-100,4,4,2,60,16
NDB_00072,1.0,146,0.0,146,0.0,-3.7,-3.7,1.0,8,0,4,0,-100,4,4,2,60,16
NDB_00075,1.0,146,0.0,146,0.0,-3.7,-3.7,1.0,8,0,4,0,-100,4,4,2,60,16
PDB_00001,0.529,167,0.0,170,0.0,-2.5,-3.0,0.0,14,4,6,0,-100,4,4,2,60,26
PDB_00002,0.738,301,60.0,301,60.0,-7.9,-7.9,0.738,15,4,1,1,-100,4,4,2,60,19
PDB_00003,0.714,295,60.0,295,60.0,-10.9,-10.9,0.714,16,7,4,0,0.478,4,4,2,60,37
PDB_00004,0.876,-100,60.0,484,0.0,-15.1,-17.3,0.797,29,10,1,1,0.876,4,4,2,60,100
PDB_00005,0.756,497,0.0,497,0.0,-13.8,-13.8,0.756,22,16,6,0,0.733,4,4,2,60,136
PDB_00006,1.0,578,60.0,578,60.0,-18.8,-18.8,1.0,28,10,0,0,-100,4,4,2,60,63
PDB_00007,1.0,140,60.0,140,60.0,-3.1,-3.1,1.0,8,4,0,0,-100,4,4,2,60,5
PDB_00008,1.0,307,60.0,307,60.0,-6.8,-6.8,1.0,14,4,0,0,-100,4,4,2,60,21
PDB_00009,0.268,132,60.0,132,60.0,-0.5,-0.5,0.268,7,4,7,1,0.151,4,4,2,60,10
PDB_00010,1.0,517,60.0,517,60.0,-16.8,-16.8,1.0,22,8,0,0,0.829,4,4,2,60,53
PDB_00011,1.0,316,0.0,499,60.0,-4.5,-10.2,1.0,14,0,10,0,-100,4,4,2,60,31
PDB_00012,0.648,436,60.0,436,60.0,-13.1,-13.1,0.648,14,9,0,6,0.545,4,4,2,60,50
PDB_00013,0.841,422,60.0,422,60.0,-13.0,-13.0,0.841,20,7,0,2,0.68,4,4,2,60,45
PDB_00014,1.0,303,60.0,303,60.0,-9.7,-9.7,1.0,12,7,0,0,0.782,4,4,2,60,14
PDB_00015,1.0,305,60.0,305,60.0,-12.1,-12.1,1.0,12,5,0,0,-100,4,4,2,60,10
PDB_00016,1.0,224,60.0,224,60.0,-8.8,-8.8,1.0,10,5,0,0,-100,4,4,2,60,10
PDB_00017,0.9,378,0.0,413,60.0,-13.3,-11.9,0.489,18,18,2,0,0.391,4,4,2,60,65
PDB_00018,0.601,585,0.0,813,60.0,-12.4,-23.8,0.489,26,10,10,0,-100,4,4,2,60,142
PDB_00019,0.438,238,0.0,275,60.0,-3.8,-5.5,0.384,12,5,4,2,0.339,4,4,2,60,32
PDB_00020,1.0,708,60.0,708,60.0,-21.5,-21.5,1.0,28,0,12,0,1.0,4,4,2,60,100
PDB_00021,1.0,424,60.0,424,60.0,-13.6,-13.6,1.0,16,4,0,0,-100,4,4,2,60,17
PDB_00022,1.0,272,60.0,272,60.0,-8.8,-8.8,1.0,16,7,0,0,0.797,4,4,2,60,21
PDB_00023,0.714,295,60.0,295,60.0,-10.9,-10.9,0.714,16,7,4,0,0.478,4,4,2,60,37
PDB_00024,1.0,202,60.0,202,60.0,-2.6,-2.6,1.0,10,7,0,0,0.772,4,4,2,60,11
PDB_00025,1.0,-100,60.0,202,60.0,-0.7,-2.6,0.772,12,5,0,0,1.0,4,4,2,60,11
PDB_00028,0.645,162,60.0,162,60.0,-1.3,-1.3,0.645,10,2,2,0,-100,4,4,2,60,11
PDB_00030,0.372,1742,9.4,1742,9.4,-49.7,-49.7,0.372,56,28,14,22,0.369,4,4,2,60,924
PDB_00031,0.5,99,0.0,155,60.0,-4.0,-4.0,0.5,12,2,4,0,-100,4,4,2,60,12
PDB_00032,0.909,432,60.0,432,60.0,-13.5,-13.5,0.909,24,17,0,2,0.823,4,4,2,60,89
PDB_00033,0.909,432,60.0,432,60.0,-13.5,-13.5,0.909,24,17,0,2,0.823,4,4,2,60,89
PDB_00034,-0.024,171,0.0,216,0.0,0.1,0.1,-0.228,7,5,13,3,-100,4,4,2,60,39
PDB_00035,1.0,288,60.0,288,60.0,-8.2,-8.2,1.0,16,5,0,0,-100,4,4,2,60,23
PDB_00036,0.446,988,0.0,1207,1.0,-33.5,-33.3,0.263,33,27,7,17,0.277,4,4,2,60,528
PDB_00037,0.394,235,60.0,235,60.0,-9.2,-9.2,0.394,14,1,4,0,-100,4,4,2,60,17
PDB_00038,0.394,235,60.0,235,60.0,-9.2,-9.2,0.394,14,1,4,0,-100,4,4,2,60,17
PDB_00039,0.577,1547,2.2,1625,60.0,-57.2,-58.1,0.501,66,20,12,6,0.517,4,4,2,60,772
PDB_00040,1.0,174,0.0,174,0.0,-7.6,-7.6,1.0,14,10,0,0,0.837,4,4,2,60,20
PDB_00041,0.439,211,0.0,339,0.0,-5.3,-10.0,0.395,10,12,14,0,0.316,4,4,2,60,32
PDB_00042,0.841,434,60.0,434,60.0,-16.6,-16.6,0.841,20,7,2,0,0.623,4,4,2,60,50
PDB_00043,0.645,226,0.0,305,60.0,-9.6,-10.5,0.373,16,8,6,0,0.489,4,4,2,60,50
PDB_00044,0.841,434,60.0,434,60.0,-16.6,-16.6,0.841,20,7,2,0,0.623,4,4,2,60,50
PDB_00046,1.0,86,0.0,227,60.0,-1.1,-4.6,1.0,8,0,8,0,-100,4,4,2,60,14
PDB_00047,1.0,99,0.0,242,60.0,0.6,-3.7,1.0,8,0,8,0,-100,4,4,2,60,15
PDB_00048,0.802,-100,60.0,515,60.0,-18.1,-16.2,0.603,18,5,0,2,0.802,4,4,2,60,31
PDB_00049,1.0,209,60.0,209,60.0,-10.2,-10.2,1.0,14,8,0,0,-100,4,4,2,60,14
PDB_00050,1.0,-100,60.0,140,60.0,-5.6,-3.0,0.693,10,3,0,0,1.0,4,4,2,60,4
PDB_00051,0.782,214,60.0,214,60.0,-7.9,-7.9,0.782,12,5,0,2,-100,4,4,2,60,14
PDB_00053,0.492,284,60.0,284,60.0,-7.5,-7.5,0.492,12,8,10,0,0.413,4,4,2,60,34
PDB_00054,0.102,147,0.0,243,60.0,-3.2,-5.1,0.102,10,2,6,2,-100,4,4,2,60,27
PDB_00055,0.102,147,0.0,243,60.0,-3.2,-5.1,0.102,10,2,6,2,-100,4,4,2,60,27
PDB_00056,0.661,748,60.0,748,60.0,-26.2,-26.2,0.661,28,4,4,0,-100,4,4,2,60,81
PDB_00057,0.806,495,0.0,495,0.0,-18.2,-18.2,0.806,20,5,0,2,-100,4,4,2,60,48
PDB_00058,0.438,477,0.0,477,0.0,-15.5,-15.5,0.438,21,2,3,1,-100,4,4,2,60,49
PDB_00059,0.806,495,0.0,495,0.0,-18.2,-18.2,0.806,20,5,0,2,-100,4,4,2,60,48
PDB_00060,0.438,477,0.0,477,0.0,-15.5,-15.5,0.438,21,2,3,1,-100,4,4,2,60,49
PDB_00061,0.742,495,0.0,495,0.0,-18.2,-18.2,0.742,22,3,2,0,-100,4,4,2,60,48
PDB_00062,0.264,477,0.0,477,0.0,-15.5,-15.5,0.264,19,2,3,3,-100,4,4,2,60,49
PDB_00063,0.742,495,0.0,495,0.0,-18.2,-18.2,0.742,22,3,2,0,-100,4,4,2,60,48
PDB_00064,0.264,477,0.0,477,0.0,-15.5,-15.5,0.264,19,2,3,3,-100,4,4,2,60,49
PDB_00065,0.177,-100,60.0,207,0.0,-1.6,-4.8,0.171,9,8,5,7,0.177,4,4,2,60,40
PDB_00066,1.0,206,60.0,206,60.0,-4.7,-4.7,1.0,10,4,0,0,-100,4,4,2,60,7
PDB_00067,1.0,209,60.0,209,60.0,-10.2,-10.2,1.0,14,8,0,0,-100,4,4,2,60,14
PDB_00068,1.0,212,60.0,212,60.0,-4.1,-4.1,1.0,10,7,0,0,0.772,4,4,2,60,11
PDB_00069,1.0,145,60.0,145,60.0,-3.7,-3.7,1.0,8,6,0,0,0.73,4,4,2,60,5
PDB_00072,0.204,4284,13.4,7629,66.6,-19.2,-129.8,0.093,262,77,158,48,0.111,4,1569.7,2,60,15697
PDB_00073,-0.02,74,0.0,158,0.0,-1.2,-3.5,-0.033,3,10,11,3,-0.038,4,4,2,60,35
PDB_00074,0.194,433,0.0,433,0.0,-10.5,-10.5,0.194,18,2,6,2,-100,4,4,2,60,46
PDB_00075,0.714,295,60.0,295,60.0,-11.7,-11.7,0.714,16,7,4,0,0.478,4,4,2,60,40
PDB_00076,0.714,295,60.0,295,60.0,-11.7,-11.7,0.714,16,7,4,0,0.478,4,4,2,60,40
PDB_00077,1.0,131,60.0,131,60.0,-2.2,-2.2,1.0,8,0,4,0,-100,4,4,2,60,11
PDB_00078,0.28,2905,35.2,3069,60.4,-43.2,-50.2,0.264,140,68,58,50,0.254,4,687.8,2,60,6878
PDB_00079,0.244,3967,26.2,4099,72.6,-49.5,-55.9,0.222,172,130,60,132,0.228,4,1662.2,2,60,16622
PDB_00080,1.0,81,0.0,222,60.0,1.9,-1.6,1.0,8,0,8,0,-100,4,4,2,60,10
PDB_00081,0.667,401,60.0,401,60.0,-10.8,-10.8,0.667,16,2,2,0,-100,4,4,2,60,26
PDB_00082,0.371,2335,3.9,2713,61.0,-19.9,-37.4,0.316,126,89,66,34,0.289,4,688.0,2,60,6880
PDB_00083,1.0,74,60.0,74,60.0,-3.7,-3.7,1.0,6,7,0,0,-100,4,4,2,60,3
PDB_00084,1.0,74,60.0,74,60.0,-3.7,-3.7,1.0,6,7,0,0,0.732,4,4,2,60,4
PDB_00085,1.0,74,60.0,74,60.0,-3.7,-3.7,1.0,6,7,0,0,-100,4,4,2,60,3
PDB_00086,1.0,74,60.0,74,60.0,-3.7,-3.7,1.0,6,7,0,0,0.732,4,4,2,60,3
PDB_00087,1.0,74,60.0,74,60.0,-3.7,-3.7,1.0,6,7,0,0,-100,4,4,2,60,3
PDB_00088,0.866,429,60.0,429,60.0,-18.0,-18.0,0.866,18,10,0,2,0.739,4,4,2,60,58
PDB_00089,1.0,384,60.0,384,60.0,-13.3,-13.3,1.0,14,5,0,0,-100,4,4,2,60,20
PDB_00090,1.0,384,60.0,384,60.0,-13.3,-13.3,1.0,14,5,0,0,-100,4,4,2,60,20
PDB_00091,1.0,-100,60.0,140,60.0,-5.6,-3.0,0.693,10,3,0,0,1.0,4,4,2,60,4
PDB_00092,1.0,-100,60.0,140,60.0,-5.6,-3.0,0.693,10,3,0,0,1.0,4,4,2,60,4
PDB_00093,1.0,-100,60.0,140,60.0,-5.6,-3.0,0.693,10,3,0,0,1.0,4,4,2,60,4
PDB_00095,0.679,606,0.0,893,0.3,-8.4,-21.7,0.137,34,29,6,6,0.246,4,4,2,60,359
PDB_00096,0.527,273,60.0,273,60.0,-4.5,-4.5,0.527,20,2,4,0,-100,4,4,2,60,41
PDB_00097,1.0,82,0.0,82,0.0,-2.1,-2.1,1.0,6,4,0,0,-100,4,4,2,60,4
PDB_00098,0.65,178,60.0,178,60.0,-3.2,-3.2,0.65,9,9,1,3,-100,4,4,2,60,12
PDB_00099,0.65,178,60.0,178,60.0,-3.2,-3.2,0.65,9,9,1,3,-100,4,4,2,60,12
PDB_00100,1.0,-100,60.0,132,60.0,-5.3,-2.9,0.73,10,4,0,0,1.0,4,4,2,60,10
RFA_00388,0.85,618,0.0,687,60.0,-15.8,-17.6,0.775,28,22,2,2,0.725,4,4,2,60,153
RFA_00389,0.775,643,0.0,643,0.0,-12.7,-12.7,0.775,28,20,2,4,0.725,4,4,2,60,174
RFA_00390,0.775,639,60.0,639,60.0,-12.8,-12.8,0.775,28,20,2,4,0.725,4,4,2,60,139
RFA_00391,0.419,-100,60.0,659,0.0,-7.8,-11.9,0.412,24,14,4,12,0.349,4,4,2,60,153
RFA_00392,0.775,639,0.0,639,0.0,-12.8,-12.8,0.775,28,20,2,4,0.725,4,4,2,60,154
RFA_00393,0.673,-100,60.0,632,0.0,-14.2,-11.6,0.577,28,16,0,10,0.673,4,4,2,60,167
RFA_00394,0.661,-100,60.0,713,60.0,-17.0,-14.4,0.562,30,14,0,10,0.661,4,4,2,60,168
RFA_00395,0.852,443,0.0,513,60.0,-9.8,-11.9,0.779,26,24,2,2,0.734,4,4,2,60,167
RFA_00396,0.779,576,0.0,590,60.0,-9.5,-6.8,0.642,26,22,2,4,0.673,4,4,2,60,132
RFA_00397,0.86,646,0.0,646,0.0,-14.1,-14.1,0.86,28,22,0,4,0.734,4,4,2,60,154
RFA_00398,0.85,588,0.0,588,0.0,-13.1,-13.1,0.85,28,22,2,2,0.791,4,4,2,60,148
RFA_00399,0.775,675,0.0,675,0.0,-15.2,-15.2,0.775,28,20,2,4,0.725,4,4,2,60,165
RFA_00400,0.644,-100,60.0,676,60.0,-17.2,-14.6,0.553,29,15,1,9,0.644,4,4,2,60,156
RFA_00401,0.78,504,0.0,525,0.0,-13.7,-14.3,0.779,24,24,4,2,0.734,4,4,2,60,156
RFA_00402,0.928,518,0.0,518,0.0,-9.2,-9.2,0.928,28,24,2,0,0.791,4,4,2,60,141
RFA_00403,0.725,-100,60.0,756,60.0,-17.2,-18.9,0.703,30,16,0,8,0.725,4,4,2,60,156
RFA_00404,0.775,645,0.0,645,0.0,-12.9,-12.9,0.775,28,20,2,4,0.725,4,4,2,60,141
RFA_00405,0.779,544,0.0,672,60.0,-10.4,-13.5,0.775,26,22,4,2,0.725,4,4,2,60,159
RFA_00406,0.775,681,0.0,681,0.0,-15.8,-15.8,0.775,28,20,2,4,0.725,4,4,2,60,150
RFA_00407,0.775,561,0.0,649,60.0,-13.3,-13.3,0.775,28,20,2,4,0.725,4,4,2,60,145
RFA_00408,0.775,681,0.0,681,0.0,-15.8,-15.8,0.775,28,20,2,4,0.725,4,4,2,60,141
RFA_00409,0.779,513,0.0,513,0.0,-11.9,-11.9,0.779,26,22,2,4,0.734,4,4,2,60,162
RFA_00410,0.775,645,60.0,645,60.0,-12.9,-12.9,0.775,28,20,2,4,0.725,4,4,2,60,140
RFA_00411,0.775,616,0.0,681,60.0,-15.8,-15.8,0.775,28,20,2,4,0.725,4,4,2,60,165
RFA_00412,0.85,588,0.0,588,0.0,-13.1,-13.1,0.85,28,22,2,2,0.791,4,4,2,60,137
RFA_00413,0.779,513,0.0,513,0.0,-11.5,-11.5,0.779,26,22,2,4,0.734,4,4,2,60,153
RFA_00414,0.775,665,0.0,673,0.0,-15.5,-12.1,0.553,28,20,2,4,0.644,4,4,2,60,157
RFA_00415,0.775,688,60.0,688,60.0,-17.7,-17.7,0.775,28,20,2,4,0.725,4,4,2,60,158
RFA_00416,0.861,769,0.0,826,60.0,-21.0,-21.9,0.796,30,21,0,4,0.733,4,4,2,60,176
RFA_00417,0.367,-100,60.0,473,60.0,-1.7,-5.8,0.355,22,14,4,14,0.367,4,4,2,60,160
RFA_00418,0.85,590,60.0,590,60.0,-13.4,-13.4,0.85,28,22,2,2,0.791,4,4,2,60,140
RFA_00419,0.85,492,0.0,562,60.0,-10.6,-10.6,0.85,28,22,2,2,0.791,4,4,2,60,161
RFA_00420,0.518,1110,0.0,1110,0.0,-29.4,-29.4,0.518,30,26,0,26,0.431,4,4,2,60,437
RFA_00421,0.458,1052,0.0,1052,0.0,-25.9,-25.9,0.458,28,23,0,30,0.43,4,4,2,60,399
RFA_00422,0.542,1056,0.0,1110,60.0,-27.2,-29.4,0.512,30,27,0,24,0.454,4,4,2,60,464
RFA_00423,0.512,1088,0.1,1110,0.1,-29.7,-30.1,0.512,30,25,0,26,0.454,4,4,2,60,440
RFA_00424,0.551,1005,0.0,1110,0.0,-25.9,-30.3,0.512,29,30,1,21,0.454,4,4,2,60,413
RFA_00425,0.757,715,0.0,736,60.0,-16.3,-13.1,0.654,26,24,0,8,-100,4,4,2,60,165
RFA_00426,0.757,706,0.0,727,60.0,-15.4,-12.2,0.654,26,24,0,8,-100,4,4,2,60,174
RFA_00427,0.863,616,0.0,681,60.0,-20.0,-20.0,0.863,28,23,0,4,0.8,4,4,2,60,176
RFA_00428,0.863,681,0.0,681,0.0,-19.2,-19.2,0.863,28,23,0,4,0.8,4,4,2,60,168
RFA_00429,0.818,515,0.0,515,0.0,-17.9,-17.9,0.818,18,18,0,4,-100,4,4,2,60,78
RFA_00430,0.863,626,0.0,682,60.0,-17.6,-17.6,0.863,28,23,0,4,0.8,4,4,2,60,169
RFA_00431,0.905,445,0.0,493,60.0,-16.7,-18.2,0.818,18,20,0,2,-100,4,4,2,60,80
RFA_00432,0.93,507,0.0,681,60.0,-13.0,-19.2,0.863,26,27,2,0,0.8,4,4,2,60,164
RFA_00433,0.779,534,0.0,660,0.0,-9.7,-13.7,0.775,26,22,4,2,0.725,4,4,2,60,146
RFA_00434,0.237,672,60.0,672,60.0,-10.2,-10.2,0.237,23,11,7,13,0.151,4,4,2,60,158
RFA_00435,0.237,672,60.0,672,60.0,-10.2,-10.2,0.237,23,11,7,13,0.151,4,4,2,60,152
RFA_00436,0.775,672,0.0,672,0.0,-16.1,-16.1,0.775,28,20,2,4,0.725,4,4,2,60,153
RFA_00437,0.775,649,60.0,649,60.0,-13.8,-13.8,0.775,28,20,2,4,0.725,4,4,2,60,157
RFA_00438,0.7,603,0.0,699,60.0,-14.1,-14.3,0.632,26,20,4,4,0.661,4,4,2,60,157
RFA_00439,0.775,654,0.0,654,0.0,-14.3,-14.3,0.775,28,20,2,4,0.725,4,4,2,60,162
RFA_00440,0.781,675,0.0,675,0.0,-16.4,-16.4,0.781,28,21,2,4,0.733,4,4,2,60,158
RFA_00441,0.775,660,60.0,660,60.0,-14.9,-14.9,0.775,28,20,2,4,0.725,4,4,2,60,134
RFA_00442,0.775,648,60.0,648,60.0,-13.0,-13.0,0.775,28,20,2,4,0.725,4,4,2,60,156
RFA_00443,0.775,645,60.0,645,60.0,-13.4,-13.4,0.775,28,20,2,4,0.725,4,4,2,60,166
RFA_00444,0.93,684,60.0,684,60.0,-16.3,-16.3,0.93,30,24,0,2,0.801,4,4,2,60,161
RFA_00445,0.93,628,0.0,684,60.0,-16.3,-16.3,0.93,30,24,0,2,0.864,4,4,2,60,146
RFA_00446,0.863,691,0.0,691,0.0,-18.8,-18.8,0.863,28,23,0,4,0.8,4,4,2,60,156
RFA_00447,0.775,660,0.0,660,0.0,-14.9,-14.9,0.775,28,20,2,4,0.725,4,4,2,60,143
RFA_00448,0.775,672,60.0,672,60.0,-16.1,-16.1,0.775,28,20,2,4,0.725,4,4,2,60,135
RFA_00449,0.863,644,0.0,644,0.0,-12.1,-12.1,0.863,28,23,0,4,-100,4,4,2,60,176
RFA_00450,0.584,923,0.0,1110,0.0,-19.4,-30.3,0.512,29,32,1,19,0.454,4,4,2,60,406
RFA_00582,0.445,1603,12.4,1644,60.0,-35.3,-35.3,0.445,30,38,0,42,0.427,4,4,2,60,769
RFA_00583,0.585,1046,0.0,1283,2.1,-22.5,-26.1,0.47,29,47,1,23,0.449,4,4,2,60,600
RFA_00584,0.457,1177,0.0,1177,0.0,-23.9,-23.9,0.457,30,19,0,28,-100,4,4,2,60,423
RFA_00585,0.602,1231,0.2,1274,60.0,-27.6,-24.8,0.509,30,45,0,24,0.488,4,4,2,60,604
RFA_00586,0.492,849,0.1,913,60.0,-17.6,-16.6,0.446,24,41,4,20,0.368,4,4,2,60,510
RFA_00587,0.509,1187,0.1,1253,60.0,-15.7,-20.4,0.509,30,37,0,32,0.488,4,4,2,60,627
RFA_00588,0.595,1017,0.0,1233,60.0,-18.7,-23.8,0.499,30,42,0,24,0.455,4,4,2,60,612
RFA_00589,0.539,1209,0.0,1337,0.2,-19.5,-22.7,0.446,30,36,0,28,0.423,4,4,2,60,635
RFA_00590,0.425,1116,11.8,1125,60.0,-20.5,-15.6,0.385,24,44,2,34,0.346,4,4,2,60,703
RFA_00591,0.629,1119,0.4,1227,60.0,-25.6,-20.3,0.47,30,48,0,22,0.449,4,4,2,60,636
RFA_00592,0.445,1457,4.2,1534,6.2,-31.7,-31.4,0.445,30,38,0,42,0.427,4,4,2,60,770
RFA_00593,0.592,867,0.0,882,0.4,-15.2,-11.6,0.521,27,30,1,17,-100,4,4,2,60,364
RFA_00594,0.592,859,0.0,882,0.6,-13.7,-11.6,0.521,27,30,1,17,-100,4,4,2,60,369
RFA_00596,0.228,836,0.1,1077,21.3,-0.6,-17.0,-0.028,17,45,5,43,0.01,4,4,2,60,846
RFA_00597,0.081,2658,13.4,3618,43.8,-37.3,-56.2,0.002,90,153,110,90,0.02,4,1608.3,2,60,16083
RFA_00598,0.046,3177,62.8,3177,62.8,-15.2,-15.2,0.046,127,85,67,133,0.031,4,1384.1,2,60,13841
RFA_00599,0.146,4253,16.2,4553,65.0,-96.0,-107.2,0.118,137,118,71,125,0.129,4,1500.1,2,60,15001
RFA_00600,0.087,4464,37.5,4679,39.8,-78.9,-83.1,0.087,125,128,63,175,0.068,4,1905.4,2,60,19054
RFA_00601,0.031,-100,72.0,5110,72.0,-110.2,-113.3,0.029,159,69,61,157,0.031,4,1675.0,2,60,16750
RFA_00602,0.206,4535,61.4,4612,61.4,-96.4,-98.6,0.17,160,111,66,114,0.119,4,1694.0,2,60,16940
RFA_00603,0.346,1171,0.3,1558,32.3,-2.8,-19.0,0.131,47,64,21,33,0.122,4,182.8,2,60,1828
RFA_00604,0.441,1613,6.2,1769,31.2,-25.2,-15.9,0.413,53,64,13,35,0.394,4,182.0,2,60,1820
RFA_00605,0.308,1385,1.1,1937,60.1,-14.6,-19.8,0.26,38,79,22,36,0.245,4,211.3,2,60,2113
RFA_00606,0.419,1593,1.5,2105,60.1,-10.5,-17.8,0.05,55,90,15,47,0.015,4,284.9,2,60,2849
RFA_00607,0.57,1692,1.2,2187,37.6,-23.8,-33.3,0.466,58,87,6,38,0.45,4,232.0,2,60,2320
RFA_00608,0.22,1362,0.3,2139,60.1,3.8,-25.9,0.047,45,66,19,59,0.071,4,244.8,2,60,2448
RFA_00609,0.549,2251,7.2,2307,60.1,-53.3,-42.4,0.364,66,76,6,42,0.334,4,218.3,2,60,2183
RFA_00610,0.35,1877,0.8,2358,17.6,-28.0,-43.0,0.321,55,63,11,57,0.319,4,208.9,2,60,2089
RFA_00611,0.317,1302,0.5,1551,2.9,-4.2,-5.9,0.24,51,51,13,47,0.201,4,173.5,2,60,1735
RFA_00612,0.355,1117,0.2,1538,60.0,8.3,-15.3,0.25,51,55,15,39,0.236,4,164.4,2,60,1644
RFA_00613,0.213,1011,0.3,1436,56.2,-0.8,-2.1,-0.112,41,56,23,41,-0.108,4,163.4,2,60,1634
RFA_00614,0.163,1301,0.3,1608,59.5,1.4,-11.4,0.143,35,49,15,55,0.089,4,153.8,2,60,1538
RFA_00615,0.294,1093,0.2,1466,60.0,5.2,-2.1,0.081,48,56,18,42,0.078,4,162.3,2,60,1623
RFA_00616,0.427,2442,60.1,2442,60.1,-21.3,-21.3,0.427,65,74,5,71,0.425,4,298.5,2,60,2985
RFA_00617,0.274,2195,42.8,2297,58.4,-20.7,-22.7,0.245,54,75,16,70,0.229,4,290.5,2,60,2905
RFA_00618,0.232,-100,60.1,1967,37.5,0.5,-9.0,0.214,52,65,12,86,0.232,4,311.6,2,60,3116
SRP_00001,0.68,1738,3.3,1770,27.9,-45.1,-49.5,0.675,73,28,7,9,-100,4,4,2,60,994
SRP_00002,0.171,-100,60.9,3145,18.4,-40.9,-42.7,0.161,143,46,61,51,0.171,4,689.6,2,60,6896
SRP_00003,0.169,-100,60.4,3183,13.0,-93.4,-102.0,0.153,132,54,60,58,0.169,4,662.0,2,60,6620
SRP_00004,0.279,1354,0.7,1367,6.5,-31.9,-37.9,0.193,50,19,14,20,0.223,4,4,2,60,726
SRP_00005,0.236,843,0.1,986,0.8,-14.4,-16.4,0.096,36,20,12,22,0.094,4,4,2,60,630
SRP_00006,0.107,2063,3.6,2639,60.9,-20.0,-38.1,0.023,113,56,89,45,0.038,4,674.8,2,60,6748
SRP_00007,0.301,1752,15.9,1787,38.6,-44.5,-42.0,0.271,68,35,22,30,0.267,4,182.6,2,60,1826
SRP_00008,0.595,1183,0.1,1183,0.1,-39.0,-39.0,0.595,44,19,6,8,0.528,4,4,2,60,357
SRP_00009,0.394,3487,51.7,3487,51.7,-77.1,-77.1,0.394,139,75,65,27,0.316,4,733.6,2,60,7336
SRP_00010,0.196,2537,9.1,3249,59.0,-30.5,-62.7,0.145,120,62,84,38,0.122,4,722.4,2,60,7224
SRP_00011,0.209,2845,26.4,2923,60.3,-40.7,-47.8,0.166,140,53,68,44,0.157,4,749.4,2,60,7494
SRP_00012,0.073,2737,28.4,2808,61.1,-46.4,-49.6,0.06,127,46,75,57,0.033,4,697.3,2,60,6973
SRP_00013,0.191,2186,2.2,2750,60.1,-31.6,-40.5,0.155,110,67,94,34,0.134,4,730.3,2,60,7303
SRP_00014,0.193,2490,2.2,3008,60.3,-30.5,-42.7,0.156,128,58,74,44,0.155,4,730.2,2,60,7302
SRP_00015,0.185,2670,45.5,2907,60.1,-17.7,-26.8,0.156,125,60,73,47,0.183,4,660.9,2,60,6609
SRP_00016,0.368,3145,3.5,3384,60.4,-90.0,-94.4,0.315,155,63,63,29,0.32,4,750.4,2,60,7504
SRP_00018,0.161,1973,1.9,2541,50.4,-2.7,-44.0,0.121,103,61,59,55,0.128,4,563.7,2,60,5637
SRP_00019,0.338,2382,43.3,2776,60.6,-26.3,-49.7,0.265,133,54,49,33,0.24,4,544.7,2,60,5447
SRP_00020,0.798,1446,60.0,1446,60.0,-49.3,-49.3,0.798,63,33,3,7,0.758,4,4,2,60,753
SRP_00021,0.058,-100,60.4,2519,60.4,-38.0,-45.8,0.038,94,50,74,50,0.05,4,535.1,2,60,5351
SRP_00022,0.367,2675,16.1,3083,35.9,-56.4,-63.2,0.335,120,65,62,24,0.291,4,564.3,2,60,5643
SRP_00023,0.441,1150,0.2,1854,60.0,-28.2,-69.7,0.374,52,97,18,38,0.367,4,146.2,2,60,1462
SRP_00024,0.306,2778,10.4,3145,55.7,-54.4,-80.2,0.197,120,63,54,38,0.17,4,556.9,2,60,5569
SRP_00025,0.213,2759,43.2,2768,60.6,-45.8,-44.3,0.206,112,54,56,44,0.192,4,540.2,2,60,5402
SRP_00026,0.308,2832,25.9,3177,60.3,-60.9,-69.8,0.285,122,60,54,36,0.247,4,562.0,2,60,5620
SRP_00027,0.16,2354,3.2,3157,60.0,-39.9,-64.5,0.085,121,46,53,53,0.069,4,570.2,2,60,5702
SRP_00028,0.351,2153,3.3,3273,60.5,-29.1,-67.1,0.291,118,67,54,32,0.299,4,561.2,2,60,5612
SRP_00029,0.351,2153,3.3,3273,60.6,-29.1,-67.1,0.291,118,67,54,32,0.299,4,561.2,2,60,5612
SRP_00030,0.4,2567,11.9,3176,60.2,-36.5,-64.0,0.276,134,62,42,34,0.311,4,536.3,2,60,5363
SRP_00031,0.156,2459,3.2,2963,47.4,-31.9,-41.1,0.103,114,48,64,44,0.091,4,552.0,2,60,5520
SRP_00032,0.235,2432,4.1,3149,60.1,-33.6,-69.3,0.205,127,49,55,41,0.228,4,570.8,2,60,5708
SRP_00033,0.378,-100,60.7,3096,40.4,-38.8,-64.3,0.361,139,55,41,35,0.378,4,553.6,2,60,5536
SRP_00034,0.463,2994,22.2,3099,57.5,-57.8,-62.5,0.382,144,61,36,30,0.329,4,565.3,2,60,5653
SRP_00037,0.314,2184,3.0,3052,38.2,-22.9,-58.4,0.29,124,59,50,38,0.278,4,557.4,2,60,5574
SRP_00038,0.38,1302,0.1,1359,24.2,-30.8,-32.9,0.336,53,20,13,15,-100,4,4,2,60,736
SRP_00039,0.483,845,0.1,1300,1.3,-16.8,-29.4,0.475,53,24,13,11,-100,4,4,2,60,736
SRP_00040,0.53,1584,0.2,1605,60.0,-44.3,-45.5,0.494,56,26,6,18,0.454,4,4,2,60,775
SRP_00042,0.41,1148,0.1,1206,60.0,-28.4,-28.1,0.365,40,24,10,16,0.367,4,4,2,60,569
SRP_00043,0.339,1547,0.1,1610,60.0,-26.0,-25.8,0.294,48,21,10,22,0.249,4,4,2,60,853
SRP_00044,0.748,1385,2.3,1421,26.9,-39.7,-34.7,0.361,62,35,2,12,0.32,4,4,2,60,849
SRP_00045,0.159,1333,0.6,1932,60.0,-10.6,-31.1,0.085,56,35,32,32,0.076,4,183.4,2,60,1834
SRP_00046,0.533,-100,60.0,1358,60.0,-24.2,-26.3,0.488,58,20,6,14,0.533,4,4,2,60,700
SRP_00047,0.748,1385,2.3,1421,26.8,-39.7,-34.7,0.361,62,35,2,12,0.32,4,4,2,60,849
SRP_00048,0.748,1385,2.3,1421,26.8,-39.7,-34.7,0.361,62,35,2,12,0.32,4,4,2,60,849
SRP_00049,0.121,2608,5.8,3165,11.6,-51.6,-70.8,0.116,121,52,83,45,0.102,4,662.6,2,60,6626
SRP_00050,0.178,2788,5.7,2788,5.7,-65.4,-65.4,0.178,126,56,72,46,0.167,4,687.0,2,60,6870
SRP_00051,0.45,-100,60.0,1523,60.0,-37.4,-41.1,0.409,52,25,8,20,0.45,4,4,2,60,812
SRP_00052,0.239,2705,4.4,3198,38.0,-55.7,-61.9,0.189,112,59,66,36,0.194,4,558.6,2,60,5586
SRP_00053,0.204,2142,2.0,2541,60.9,-26.4,-38.4,0.081,116,67,72,46,0.087,4,688.7,2,60,6887
SRP_00054,0.48,1393,8.5,1393,8.5,-39.4,-39.4,0.48,53,27,11,15,0.476,4,4,2,60,754
SRP_00055,0.48,1393,8.4,1393,8.4,-39.4,-39.4,0.48,53,27,11,15,0.476,4,4,2,60,754
SRP_00056,0.807,1421,0.6,1476,1.8,-33.7,-31.5,0.689,69,35,5,5,0.604,4,4,2,60,854
SRP_00057,0.539,1444,60.0,1444,60.0,-28.2,-28.2,0.539,62,27,8,16,0.539,4,4,2,60,750
SRP_00058,0.43,1486,0.6,1621,2.5,-39.9,-43.7,0.381,57,23,11,17,0.378,4,4,2,60,877
SRP_00059,0.43,1486,0.6,1621,2.5,-39.9,-43.7,0.381,57,23,11,17,0.378,4,4,2,60,877
SRP_00060,0.379,-100,60.2,3164,60.2,-54.1,-77.3,0.365,144,67,56,32,0.379,4,714.2,2,60,7142
SRP_00061,0.238,2262,4.6,3110,60.1,-32.2,-62.3,0.165,130,60,70,40,0.177,4,683.8,2,60,6838
SRP_00062,0.153,2288,3.0,2648,60.5,-17.2,-42.3,0.046,133,48,73,45,0.046,4,698.7,2,60,6987
SRP_00063,0.355,3121,10.5,3392,61.1,-60.1,-77.5,0.317,147,62,57,33,0.311,4,678.3,2,60,6783
SRP_00064,0.277,2972,49.9,3050,61.0,-50.48,-54.17,0.193,120,70,78,32,0.196,4,666.8,2,60,6668
SRP_00065,0.449,3095,20.5,3497,53.0,-74.3,-82.8,0.394,144,75,54,26,0.386,4,698.6,2,60,6986
SRP_00066,0.329,2491,5.6,3068,60.1,-41.3,-53.5,0.14,132,70,68,32,0.162,4,625.5,2,60,6255
SRP_00067,0.618,1230,0.3,1553,1.9,-22.8,-33.7,0.39,60,28,16,4,0.441,4,4,2,60,940
SRP_00068,0.248,2195,1.7,2484,36.6,-19.3,-27.3,0.12,113,53,59,35,0.151,4,544.0,2,60,5440
SRP_00069,0.19,2177,1.7,3061,42.1,-3.7,-51.2,0.164,105,54,65,39,0.14,4,572.6,2,60,5726
SRP_00070,0.117,2909,8.3,4957,12.4,-32.5,-72.8,0.086,128,154,114,108,0.117,4,1299.8,2,60,12998
SRP_00071,0.244,3165,25.5,3209,60.7,-70.2,-78.6,0.219,137,56,65,41,0.213,4,636.3,2,60,6363
SRP_00072,0.365,1349,0.7,1460,60.0,-36.9,-38.3,0.257,45,32,13,23,0.299,4,4,2,60,834
SRP_00073,0.246,3215,34.2,3410,53.1,-76.2,-72.8,0.207,104,70,38,68,0.196,4,572.9,2,60,5729
SRP_00074,0.165,918,0.3,1338,57.5,-1.4,-15.2,0.099,36,31,22,26,0.103,4,118.5,2,60,1185
SRP_00075,0.1,1162,0.1,1542,0.8,-14.9,-32.6,0.034,41,19,27,19,-0.002,4,4,2,60,829
SRP_00076,0.194,2697,10.2,2970,13.9,-45.1,-51.7,0.104,61,61,17,87,0.126,4,470.2,2,60,4702
SRP_00077,0.579,1563,3.7,1680,4.5,-27.1,-29.1,0.579,67,27,7,15,0.538,4,124.5,2,60,1245
SRP_00078,0.579,1563,3.8,1680,4.6,-27.1,-29.1,0.579,67,27,7,15,0.538,4,124.5,2,60,1245
SRP_00079,0.223,3209,19.5,3340,54.2,-71.7,-80.5,0.171,128,56,48,58,0.144,4,619.5,2,60,6195
SRP_00080,0.287,-100,60.9,3374,59.9,-82.3,-83.6,0.273,131,61,41,57,0.251,4,615.3,2,60,6153
SRP_00081,0.734,1371,3.9,1371,3.9,-39.3,-39.3,0.734,60,32,2,12,0.661,4,4,2,60,740
SRP_00082,0.189,-100,60.0,1648,60.0,-33.8,-39.5,0.159,54,14,12,26,0.189,4,4,2,60,929
SRP_00083,0.704,1103,1.9,1116,2.6,-18.3,-17.6,0.528,53,32,7,7,0.526,4,4,2,60,590
SRP_00084,0.874,1456,0.3,1456,0.3,-48.3,-48.3,0.874,66,33,2,4,0.79,4,4,2,60,739
SRP_00085,0.07,2713,12.4,3436,60.2,-27.7,-61.1,0.018,120,48,82,52,0.043,4,707.1,2,60,7071
SRP_00086,0.308,3230,34.2,3534,61.1,-69.9,-76.2,0.245,147,57,53,41,0.251,4,678.8,2,60,6788
SRP_00087,0.143,2519,12.3,3229,60.3,-32.3,-52.5,0.121,83,67,33,91,0.118,4,580.5,2,60,5805
SRP_00088,0.453,3094,50.3,3125,50.3,-52.7,-51.4,0.328,148,52,30,32,0.321,4,557.3,2,60,5573
SRP_00089,0.228,2712,59.2,2753,60.0,-51.3,-51.3,0.228,115,53,65,35,0.177,4,539.7,2,60,5397
SRP_00090,0.397,2443,2.8,3519,60.2,-26.1,-66.2,0.281,136,57,44,30,0.269,4,539.9,2,60,5399
SRP_00091,0.257,3107,61.1,3107,61.1,-53.8,-53.8,0.257,130,78,60,58,0.223,4,777.4,2,60,7774
SRP_00092,0.133,1729,2.9,3040,60.3,-4.8,-32.6,0.038,103,81,85,57,0.063,4,800.9,2,60,8009
SRP_00094,0.603,1072,0.3,1216,1.7,-31.5,-30.0,0.204,39,34,9,9,-100,4,4,2,60,581
SRP_00095,0.456,1027,0.0,1311,0.1,-20.8,-33.8,0.225,41,25,9,15,0.174,4,4,2,60,573
SRP_00096,0.447,1027,0.0,1311,0.5,-20.8,-33.8,0.213,41,24,9,15,0.159,4,4,2,60,547
SRP_00098,0.734,1564,0.5,1730,1.1,-45.8,-52.6,0.562,66,34,8,6,0.563,4,107.8,2,60,1078
SRP_00099,0.169,2691,40.0,2858,60.9,-32.1,-32.9,0.153,126,56,64,54,0.127,4,666.4,2,60,6664
SRP_00100,0.385,3260,12.9,3370,56.2,-68.7,-64.4,0.371,146,68,42,44,0.379,4,660.9,2,60,6609
TMR_00007,0.258,3291,24.3,3366,60.0,-54.1,-47.8,0.237,147,79,69,57,0.213,4,895.3,2,60,8953
TMR_00008,0.324,3729,42.9,4088,59.0,-93.5,-111.7,0.278,151,93,61,59,0.235,4,943.7,2,60,9437
TMR_00009,0.301,4068,21.2,4904,54.5,-106.4,-119.7,0.232,133,103,79,49,0.222,4,941.4,2,60,9414
TMR_00010,0.302,2906,8.5,3350,60.6,-23.1,-52.3,0.108,141,84,51,65,0.102,4,843.0,2,60,8430
TMR_00012,0.172,2542,7.1,3112,60.6,-21.1,-32.3,0.128,100,110,62,88,0.172,4,902.1,2,60,9021
TMR_00013,0.217,1848,3.2,3167,53.5,-3.6,-44.1,0.159,107,113,93,53,0.144,4,832.5,2,60,8325
TMR_00014,0.194,2269,5.0,3579,15.1,-34.9,-71.8,0.103,128,93,92,58,0.054,4,1021.2,2,60,10212
TMR_00015,0.279,3026,47.3,3079,60.4,-43.3,-42.9,0.24,126,108,74,58,0.2,4,835.3,2,60,8353
TMR_00016,0.264,3033,10.0,3369,52.8,-41.4,-56.3,0.261,129,103,69,65,0.213,4,835.1,2,60,8351
TMR_00017,0.242,2307,3.5,3487,54.0,-28.8,-49.8,0.012,121,106,83,57,0.023,4,870.4,2,60,8704
TMR_00018,0.244,3173,55.0,3345,60.1,-54.5,-59.3,0.188,125,99,59,77,0.189,4,824.9,2,60,8249
TMR_00019,0.141,3318,25.6,3386,60.6,-56.1,-60.7,0.096,123,83,63,91,0.061,4,844.2,2,60,8442
TMR_00028,0.169,3007,47.5,3240,60.7,-20.3,-33.6,0.14,123,86,71,75,0.147,4,891.4,2,60,8914
TMR_00030,0.237,3905,62.0,4037,62.0,-69.0,-60.3,0.229,149,95,73,73,0.202,4,1047.2,2,60,10472
TMR_00033,0.26,3884,27.9,4054,60.3,-99.5,-102.4,0.225,154,70,66,54,0.194,4,863.2,2,60,8632
TMR_00034,0.227,3474,6.9,3775,61.6,-89.6,-90.0,0.151,159,64,61,63,0.158,4,870.8,2,60,8708
TMR_00035,0.222,3766,60.6,3766,60.6,-60.7,-60.7,0.222,141,86,55,87,0.222,4,907.6,2,60,9076
TMR_00036,0.193,4828,61.2,4828,61.2,-40.6,-40.6,0.193,154,94,48,130,0.192,4,1415.1,2,60,14151
TMR_00037,0.223,3773,30.9,4399,61.1,-9.2,-32.0,0.209,141,117,61,107,0.195,4,1415.6,2,60,14156
TMR_00038,0.244,3324,8.7,3599,56.3,-50.6,-52.7,0.235,146,92,74,66,0.235,4,1025.5,2,60,10255
TMR_00041,0.303,2960,13.6,3377,61.2,-48.9,-83.0,0.239,129,101,57,65,0.21,4,710.9,2,60,7109
TMR_00042,0.144,1660,3.3,3120,59.3,-3.4,-35.9,0.04,101,100,95,59,0.052,4,850.4,2,60,8504
TMR_00043,0.252,1965,3.5,3186,61.8,-7.9,-31.1,0.087,117,104,81,53,0.079,4,866.0,2,60,8660
TMR_00044,0.144,1660,3.3,3120,59.4,-3.4,-35.9,0.04,101,100,95,59,0.052,4,850.4,2,60,8504
TMR_00045,0.225,2432,8.7,3223,60.2,-9.9,-41.1,0.091,128,91,68,68,0.101,4,845.1,2,60,8451
TMR_00046,0.373,-100,61.1,3746,61.1,-63.0,-66.3,0.361,150,95,42,68,0.34,4,847.7,2,60,8477
TMR_00047,0.314,2923,18.2,3358,59.8,-35.0,-43.6,0.258,87,111,27,87,0.244,4,670.7,2,60,6707
TMR_00048,0.2,3117,52.8,3367,62.0,-55.3,-58.2,0.118,117,100,73,71,0.081,4,908.1,2,60,9081
TMR_00049,0.274,2794,3.2,2827,60.1,-30.1,-41.9,0.225,121,105,53,77,0.195,4,736.7,2,60,7367
TMR_00051,0.237,3326,60.3,3408,60.8,-43.8,-44.3,0.226,126,99,62,76,0.193,4,804.3,2,60,8043
TMR_00052,0.286,3389,60.5,3389,60.5,-45.9,-45.9,0.286,136,96,52,76,0.23,4,794.7,2,60,7947
TMR_00053,0.225,2432,8.7,3223,60.2,-9.9,-41.1,0.091,128,91,68,68,0.101,4,845.1,2,60,8451
TMR_00055,0.18,3089,13.4,3649,61.0,-20.8,-45.1,0.159,147,91,81,79,0.14,4,1226.3,2,60,12263
TMR_00056,0.172,2985,14.9,3273,62.0,-14.2,-17.4,0.115,144,92,84,78,0.109,4,1234.2,2,60,12342
TMR_00057,0.261,3031,21.0,3560,60.5,-37.3,-48.0,0.251,101,142,57,85,0.237,4,1059.9,2,60,10599
TMR_00058,0.237,2793,7.0,3395,53.8,-20.7,-25.7,0.038,145,102,83,67,0.058,4,1196.2,2,60,11962
TMR_00061,0.273,2994,7.2,3614,58.4,-30.7,-51.4,0.208,143,81,55,67,0.177,4,931.4,2,60,9314
TMR_00062,0.086,2331,7.9,3552,56.6,-42.2,-57.3,-0.015,106,109,102,80,0.011,4,1163.8,2,60,11638
TMR_00063,0.104,2498,6.7,3951,60.6,-40.6,-74.3,0.032,114,105,94,84,0.008,4,1155.3,2,60,11553
TMR_00064,0.139,2901,9.6,3068,40.3,10.5,-2.5,0.139,134,91,72,96,0.117,4,1144.5,2,60,11445
TMR_00065,0.132,3296,34.7,3515,62.2,-24.5,-34.3,0.08,136,88,76,92,0.066,4,1097.5,2,60,10975
TMR_00067,0.22,3676,60.5,3676,60.5,-61.4,-61.4,0.22,163,89,65,89,0.184,4,1109.0,2,60,11090
TMR_00068,0.236,2949,18.7,3631,57.5,-30.1,-67.8,0.123,153,90,77,67,0.083,4,1010.2,2,60,10102
TMR_00069,0.236,2949,18.7,3631,57.7,-30.1,-67.8,0.123,153,90,77,67,0.083,4,1010.2,2,60,10102
TMR_00070,0.236,2949,18.7,3631,57.6,-30.1,-67.8,0.123,153,90,77,67,0.083,4,1010.2,2,60,10102
TMR_00071,0.135,2833,6.2,3639,62.3,-25.0,-24.4,0.03,138,69,96,56,0.033,4,1112.4,2,60,11124
TMR_00072,0.146,2833,6.0,3421,62.3,-25.0,-14.7,0.094,138,72,96,56,0.083,4,1137.5,2,60,11375
TMR_00073,0.17,3457,25.4,3567,60.2,-21.7,-37.1,0.146,165,60,69,69,0.137,4,1124.7,2,60,11247
TMR_00076,0.136,3535,57.0,3560,62.3,-51.3,-48.4,0.124,122,93,78,84,0.098,4,1004.9,2,60,10049
TMR_00080,0.234,2871,20.5,3435,53.2,-3.0,-34.2,0.085,121,111,71,73,0.041,4,977.0,2,60,9770
TMR_00081,0.312,2446,5.3,3797,61.8,-10.2,-26.2,0.059,124,113,88,42,0.049,4,943.1,2,60,9431
TMR_00082,0.161,2131,4.1,3115,53.0,-5.3,-17.1,0.106,99,114,93,63,0.082,4,938.0,2,60,9380
TMR_00083,0.21,2209,4.0,3480,60.8,-35.9,-50.7,0.096,104,114,106,46,0.128,4,955.0,2,60,9550
TMR_00084,0.227,-100,62.3,3335,62.3,-52.3,-55.8,0.218,155,77,55,83,0.227,4,953.2,2,60,9532
TMR_00085,0.249,2926,7.6,3176,61.5,-29.2,-36.2,0.202,145,89,63,73,0.177,4,937.9,2,60,9379
TMR_00086,0.319,3341,41.4,4061,60.6,-71.45,-79.8,0.274,130,112,82,46,0.268,4,910.4,2,60,9104
TMR_00087,0.319,3341,41.4,4061,60.6,-71.45,-79.8,0.274,130,112,82,46,0.268,4,910.4,2,60,9104
TMR_00088,0.21,3544,17.6,3544,17.6,-64.4,-64.4,0.21,147,81,63,79,0.194,4,951.1,2,60,9511
TMR_00089,0.29,3328,58.4,3328,58.4,-45.8,-45.8,0.29,151,91,59,69,0.278,4,921.5,2,60,9215
TMR_00090,0.3,3673,50.6,3786,62.1,-78.3,-79.2,0.268,142,100,68,60,0.227,4,953.9,2,60,9539
TMR_00091,0.249,2926,7.5,3176,61.3,-29.2,-36.2,0.202,145,89,63,73,0.177,4,937.9,2,60,9379
TMR_00092,0.19,3551,22.5,4472,61.3,-66.1,-92.5,0.178,126,94,76,72,0.172,4,967.4,2,60,9674
TMR_00093,0.196,3296,10.1,3861,38.2,-42.0,-41.2,0.065,122,93,82,62,0.077,4,1067.4,2,60,10674
TMR_00095,0.196,3296,10.2,3861,38.1,-42.0,-41.2,0.065,122,93,82,62,0.077,4,1067.4,2,60,10674
TMR_00096,0.307,3257,14.5,3528,43.8,-44.9,-27.1,0.169,120,115,74,52,0.142,4,925.1,2,60,9251
TMR_00098,0.257,3296,49.1,3296,49.1,-22.6,-22.6,0.257,147,81,57,71,0.237,4,1055.5,2,60,10555
TMR_00099,0.252,3011,10.2,3639,60.6,-44.2,-33.5,0.088,119,104,85,51,0.063,4,1062.4,2,60,10624
TMR_00100,0.196,3296,10.2,3861,38.2,-42.0,-41.2,0.065,122,93,82,62,0.077,4,1067.4,2,60,10674
TMR_00101,0.201,2765,10.6,3578,59.5,-4.4,-27.5,0.139,138,81,76,64,0.118,4,1095.0,2,60,10950
TMR_00102,0.129,2805,10.0,3237,44.1,-7.1,-18.5,0.06,135,72,67,85,0.063,4,1072.2,2,60,10722
TMR_00103,0.189,3451,46.7,3686,62.3,-55.0,-62.7,0.138,138,79,78,64,0.126,4,957.9,2,60,9579
TMR_00104,0.081,2125,4.0,3175,54.9,3.5,-5.0,0.024,73,127,67,99,0.024,4,955.8,2,60,9558
TMR_00106,0.155,3545,52.3,3545,52.3,-10.5,-10.5,0.155,155,94,85,91,0.124,4,1353.8,2,60,13538
